<?xml version="1.0" encoding="UTF-8"?>
<project xmlns="http://maven.apache.org/POM/4.0.0" xmlns:xsi="http://www.w3.org/2001/XMLSchema-instance" xsi:schemaLocation="http://maven.apache.org/POM/4.0.0 http://maven.apache.org/maven-v4_0_0.xsd">
  <modelVersion>4.0.0</modelVersion>
  <groupId>chunxi</groupId>
  <artifactId>MPlugin</artifactId>
  <name>MPlugin</name>
  <version>1.0</version>
  <build>
    <resources>
      <resource>
        <filtering>true</filtering>
        <directory>src/main/resources</directory>
      </resource>
    </resources>
    <plugins>
      <plugin>
        <artifactId>maven-compiler-plugin</artifactId>
        <version>3.8.1</version>
        <configuration>
          <source>${java.version}</source>
          <target>${java.version}</target>
        </configuration>
      </plugin>
      <plugin>
        <artifactId>maven-shade-plugin</artifactId>
        <version>3.2.4</version>
        <executions>
          <execution>
            <phase>package</phase>
            <goals>
              <goal>shade</goal>
            </goals>
          </execution>
        </executions>
      </plugin>
    </plugins>
  </build>
  <repositories>
    <repository>
      <id>papermc-repo</id>
      <url>https://repo.papermc.io/repository/maven-public/</url>
    </repository>
  </repositories>
  <dependencies>
    <dependency>
      <groupId>com.destroystokyo.paper</groupId>
      <artifactId>paper-api</artifactId>
      <version>1.16.5-R0.1-SNAPSHOT</version>
      <scope>provided</scope>
    </dependency>
  </dependencies>
  <properties>
    <java.version>1.8</java.version>
    <project.build.sourceEncoding>UTF-8</project.build.sourceEncoding>
  </properties>
</project>
